Insurance_Policy_No,Policy_Holder_Name,Insurance_Start_date,Insurance_End_date,Insurance_Type,Agency_ID,Issuing_Bank_Code
10071804,Scotti Juorio,12-03-2021,12-03-2022,Travel Insurance,62,1011
10020124,Butch Rawls,26-07-2021,26-07-2022,Life Insurance,47,1003
10008494,Dominique Kermode,09-02-2021,09-02-2022,Life Insurance,37,1025
10047045,Clark Blaxall,06-08-2021,06-08-2022,Health Insurance,37,1027
10024452,Blithe Fillis,28-06-2021,28-06-2022,Car Insurance,39,1011
10021996,Tess Bertelet,17-06-2021,17-06-2022,Life Insurance,61,1029
10028303,Doralynne Baglow,13-05-2021,13-05-2022,Health Insurance,59,1011
10091871,Mikol Hanwell,04-02-2021,04-02-2022,Health Insurance,39,1027
10092232,Genni Orrice,10-06-2021,10-06-2022,Health Insurance,28,1028
10074711,Monique Elks,15-01-2021,15-01-2022,Renters Insurance,54,1010
10034346,Donni Crownshaw,16-08-2021,16-08-2022,Life Insurance,49,1002
10099770,Rafael Shawyer,30-03-2021,30-03-2022,Travel Insurance,42,1025
10099385,Mead Redley,11-04-2021,11-04-2022,Life Insurance,36,1014
10058752,Georgena Abdee,11-09-2021,11-09-2022,Car Insurance,45,1023
10052698,Shandee Winterbottom,19-07-2021,19-07-2022,Travel Insurance,78,1028
10050493,Jeremie Mannooch,08-03-2021,08-03-2022,Car Insurance,98,1029
10063885,Beaufort Helleckas,24-05-2021,24-05-2022,Health Insurance,49,1030
10039334,Mitzi Bussons,16-11-2021,16-11-2022,Car Insurance,39,1012
10000540,Rogers Moorton,19-05-2021,19-05-2022,Travel Insurance,24,1012
10090232,Kendell Hitter,05-10-2021,05-10-2022,Travel Insurance,83,1001
10060839,Nataniel Castelot,19-01-2021,19-01-2022,Health Insurance,59,1016
10068355,Jarib Brogini,16-01-2021,16-01-2022,Renters Insurance,87,1027
10027847,Marielle Matusevich,14-09-2021,14-09-2022,Travel Insurance,25,1015
10035802,Margret Thridgould,02-04-2021,02-04-2022,Car Insurance,64,1010
10061039,Bertie Stooke,04-07-2021,04-07-2022,Health Insurance,63,1019
10051524,Bonni Ballin,01-12-2021,01-12-2022,Renters Insurance,71,1011
10009345,Nicoline Keneleyside,13-03-2021,13-03-2022,Life Insurance,31,1003
10000005,Rik Roddell,20-07-2021,20-07-2022,Car Insurance,75,1001
10003098,Nobie Bearman,16-09-2021,16-09-2022,Health Insurance,30,1022
10046525,Antonina Peller,08-09-2021,08-09-2022,Life Insurance,26,1019
10012256,Salvador Dzenisenka,16-12-2021,16-12-2022,Health Insurance,77,1011
10044658,Ambros Fairrie,30-12-2021,30-12-2022,Travel Insurance,30,1002
10077072,Pepi Luna,16-04-2021,16-04-2022,Renters Insurance,91,1001
10076429,Agna Leppingwell,05-02-2021,05-02-2022,Travel Insurance,65,1029
10006712,Cleveland Lindegard,02-12-2021,02-12-2022,Car Insurance,80,1002
10004730,Arlette Moody,09-12-2021,09-12-2022,Health Insurance,44,1002
10075442,Priscella Pollett,24-12-2021,24-12-2022,Car Insurance,24,1017
10078039,Conant MacPeake,11-11-2021,11-11-2022,Life Insurance,69,1003
10059583,Alard Sealeaf,06-05-2021,06-05-2022,Renters Insurance,67,1021
10020721,Edan Cleen,24-08-2021,24-08-2022,Car Insurance,51,1029
10015118,Clemmie Godard,03-03-2021,03-03-2022,Travel Insurance,61,1017
10000302,Rodi Ellar,18-04-2021,18-04-2022,Health Insurance,51,1030
10078617,Roana Reynoldson,28-08-2021,28-08-2022,Car Insurance,33,1019
10078139,Gretchen Jansson,19-09-2021,19-09-2022,Car Insurance,46,1025
10065533,Tami Readie,26-11-2021,26-11-2022,Car Insurance,62,1008
10039588,Ag Kloska,12-10-2021,12-10-2022,Health Insurance,62,1022
10021478,Beryle Elsmere,12-03-2021,12-03-2022,Travel Insurance,27,1023
10074995,Morlee McBrearty,02-01-2021,02-01-2022,Life Insurance,68,1019
10039316,Benyamin Mullin,28-03-2021,28-03-2022,Health Insurance,53,1012
10056537,Kaleb Marr,16-01-2021,16-01-2022,Health Insurance,76,1015
10047453,Fredric Gascard,10-12-2021,10-12-2022,Health Insurance,93,1025
10032994,Hanan Willman,02-01-2021,02-01-2022,Car Insurance,24,1001
10036205,Trudey Milbank,01-09-2021,01-09-2022,Travel Insurance,73,1003
10046505,Calida Bonin,31-03-2021,31-03-2022,Renters Insurance,44,1001
10075206,Molli Sherwen,19-12-2021,19-12-2022,Life Insurance,31,1022
10085674,Ana Onge,21-06-2021,21-06-2022,Health Insurance,49,1028
10053634,Zara Clewley,13-11-2021,13-11-2022,Renters Insurance,96,1006
10074050,Ginny McUre,20-02-2021,20-02-2022,Life Insurance,68,1008
10022041,Orrin Moultrie,01-11-2021,01-11-2022,Renters Insurance,63,1028
10006256,Early Bispham,23-04-2021,23-04-2022,Renters Insurance,61,1020
10010887,Ynez Pietrasik,11-11-2021,11-11-2022,Health Insurance,36,1029
10000854,Bobbi Savory,01-09-2021,01-09-2022,Car Insurance,72,1018
10025838,Kelsy Dowbekin,23-12-2021,23-12-2022,Travel Insurance,81,1024
10005788,Gert Durgan,09-01-2021,09-01-2022,Car Insurance,51,1007
10015607,Gaylene Titcomb,18-03-2021,18-03-2022,Renters Insurance,87,1008
10075205,Mikael Kingman,29-12-2021,29-12-2022,Health Insurance,64,1009
10025398,Yehudit Fleisch,10-09-2021,10-09-2022,Life Insurance,55,1025
10020971,Cathie Rummer,03-09-2021,03-09-2022,Health Insurance,64,1016
10016568,Francisca De Mars,22-05-2021,22-05-2022,Travel Insurance,22,1025
10077015,Katherina Danzelman,17-03-2021,17-03-2022,Car Insurance,23,1029
10036032,Clara Hourstan,30-05-2021,30-05-2022,Health Insurance,34,1019
10074322,Leola Shillaber,13-06-2021,13-06-2022,Life Insurance,82,1013
10086021,Godfry Bleas,07-07-2021,07-07-2022,Renters Insurance,97,1012
10038970,Suzy Veryan,25-08-2021,25-08-2022,Renters Insurance,81,1013
10022846,Alie Hawtrey,04-04-2021,04-04-2022,Life Insurance,81,1012
10092293,Devin Wethers,30-01-2021,30-01-2022,Health Insurance,37,1012
10062109,Loretta Daybell,29-12-2021,29-12-2022,Travel Insurance,49,1022
10014159,Seumas Saice,18-06-2021,18-06-2022,Life Insurance,47,1030
10062685,Theresa Kilby,17-12-2021,17-12-2022,Life Insurance,64,1002
10000963,Christabel Athy,11-04-2021,11-04-2022,Travel Insurance,80,1001
10028232,Tiffany Axten,19-02-2021,19-02-2022,Health Insurance,47,1022
10046287,Alia Gidman,02-01-2021,02-01-2022,Renters Insurance,75,1029
10027576,Chadwick Manclark,11-12-2021,11-12-2022,Travel Insurance,62,1020
10007178,Mari Canada,26-09-2021,26-09-2022,Car Insurance,64,1023
10029149,Lorrie Morritt,08-12-2021,08-12-2022,Car Insurance,94,1028
10085190,Rhys Fourman,20-01-2021,20-01-2022,Car Insurance,77,1009
10000891,Marijn Fain,24-04-2021,24-04-2022,Renters Insurance,58,1017
10018887,Tam Stannas,06-03-2021,06-03-2022,Renters Insurance,71,1007
10091874,Kris Sweetman,11-03-2021,11-03-2022,Car Insurance,63,1020
10076673,Rhea Marthen,01-10-2021,01-10-2022,Car Insurance,90,1013
10089924,Flore Stonehewer,31-03-2021,31-03-2022,Life Insurance,29,1012
10067363,Constantin Bigland,07-09-2021,07-09-2022,Renters Insurance,69,1011
10030329,Ora Divell,30-04-2021,30-04-2022,Car Insurance,61,1005
10091275,Afton Prandi,09-04-2021,09-04-2022,Life Insurance,55,1023
10018762,Elroy Shirland,25-03-2021,25-03-2022,Travel Insurance,56,1003
10056087,Rochette Hughs,24-10-2021,24-10-2022,Life Insurance,88,1006
10093295,Mychal Mitchley,17-09-2021,17-09-2022,Renters Insurance,30,1021
10024855,Donalt Kier,09-11-2021,09-11-2022,Life Insurance,70,1015
10041325,Nathan Whaley,06-10-2021,06-10-2022,Car Insurance,85,1004
10045312,Clim Gatlin,10-06-2021,10-06-2022,Renters Insurance,32,1006
