Loan_Policy_No,Loan_Account_No,Borrower_FName,Borrower_LName,Loan_Type,Issuing_Bank_ID
10088331,10861305,Priscella,Pollett,Home Loan,1029
10021005,51430687,Ana,Onge,Personal Loan,1025
10001443,49962058,Butch,Rawls,Travel Loan,1012
10038656,56236066,Ambros,Fairrie,Personal Loan,1010
10070351,25348802,Gaylene,Titcomb,Personal Loan,1002
10010683,75185166,Cleveland,Lindegard,Home Loan,1029
10051512,61159598,Fredric,Gascard,Personal Loan,1020
10076568,98427530,Afton,Prandi,Travel Loan,1003
10017407,30432415,Yehudit,Fleisch,Personal Loan,1006
10066567,94711110,Loretta,Daybell,Personal Loan,1028
10088710,91172022,Alia,Gidman,Home Loan,1011
10085963,60371334,Mari,Canada,Personal Loan,1022
10006945,54711142,Ag,Kloska,Travel Loan,1014
10042465,31778619,Georgena,Abdee,Personal Loan,1018
10036669,73697729,Mikael,Kingman,Personal Loan,1026
10041081,87137401,Flore,Stonehewer,Home Loan,1011
10070838,52260008,Clemmie,Godard,Personal Loan,1020
10042052,68547585,Jarib,Brogini,Travel Loan,1026
10095950,69609190,Rhys,Fourman,Personal Loan,1018
10003697,32423935,Beaufort,Helleckas,Personal Loan,1022
10010667,60600064,Leola,Shillaber,Home Loan,1020
10058700,74703008,Scotti,Juorio,Personal Loan,1022
10027769,81751084,Constantin,Bigland,Travel Loan,1002
10026231,14936468,Kris,Sweetman,Personal Loan,1011
10032998,47498031,Kaleb,Marr,Personal Loan,1022
10001769,89545814,Conant,MacPeake,Home Loan,1024
10046372,30843338,Donalt,Kier,Personal Loan,1016
10094426,70085590,Agna,Leppingwell,Travel Loan,1007
10057655,16715071,Calida,Bonin,Personal Loan,1010
10036098,74905592,Katherina,Danzelman,Personal Loan,1003
10089812,45279547,Ynez,Pietrasik,Car Loan,1006
10000074,32494954,Margret,Thridgould,Study Loan,1011
10044353,99297818,Bertie,Stooke,Travel Loan,1001
10021355,27824690,Molli,Sherwen,Personal Loan,1016
10066780,35610068,Chadwick,Manclark,Personal Loan,1025
10039676,46253352,Monique,Elks,Car Loan,1025
10055844,67175293,Alard,Sealeaf,Study Loan,1001
10088949,85029093,Gretchen,Jansson,Personal Loan,1025
10077985,35565936,Arlette,Moody,Home Loan,1001
10001015,60911315,Mitzi,Bussons,Personal Loan,1030
10038374,51977981,Devin,Wethers,Travel Loan,1014
10032317,29287022,Nicoline,Keneleyside,Personal Loan,1016
10032946,70720763,Marielle,Matusevich,Personal Loan,1004
10082899,38774097,Pepi,Luna,Car Loan,1012
10028443,56375984,Nathan,Whaley,Study Loan,1022
10043925,33894444,Mikol,Hanwell,Travel Loan,1018
10017857,36867319,Dominique,Kermode,Personal Loan,1009
10051563,98300260,Beryle,Elsmere,Personal Loan,1004
10088200,27417155,Godfry,Bleas,Car Loan,1002
10004810,69444107,Hanan,Willman,Study Loan,1009
10024402,85675672,Rodi,Ellar,Personal Loan,1020
10009662,47509541,Rochette,Hughs,Car Loan,1028
10062518,77992455,Tess,Bertelet,Study Loan,1010
10020764,94357508,Christabel,Athy,Travel Loan,1014
10012463,97792873,Donni,Crownshaw,Study Loan,1030
10028501,61632752,Trudey,Milbank,Travel Loan,1024
10060088,53531973,Suzy,Veryan,Personal Loan,1001
10067728,54644693,Rik,Roddell,Personal Loan,1020
10071829,62288700,Nobie,Bearman,Car Loan,1002
10096957,63193112,Lorrie,Morritt,Study Loan,1007
10064882,75435640,Nataniel,Castelot,Personal Loan,1017
10017538,26886921,Alie,Hawtrey,Car Loan,1030
10044753,66274685,Rogers,Moorton,Study Loan,1021
10098797,29866013,Zara,Clewley,Travel Loan,1029
10069578,73173483,Clim,Gatlin,Travel Loan,1014
10018084,82134406,Ora,Divell,Personal Loan,1009
10052326,20809605,Clark,Blaxall,Personal Loan,1021
10036203,97305792,Roana,Reynoldson,Car Loan,1014
10038438,76619121,Clara,Hourstan,Study Loan,1012
10050224,25549141,Rhea,Marthen,Car Loan,1006
10039559,43936948,Cathie,Rummer,Study Loan,1011
10004224,74496873,Blithe,Fillis,Personal Loan,1024
10075743,25088246,Doralynne,Baglow,Car Loan,1006
10066994,13856238,Ginny,McUre,Study Loan,1009
10017088,43495679,Kelsy,Dowbekin,Travel Loan,1003
10066344,23436451,Mychal,Mitchley,Travel Loan,1026
10007733,73146418,Tami,Readie,Personal Loan,1003
10040338,12983119,Tiffany,Axten,Personal Loan,1005
10078016,40530538,Antonina,Peller,Car Loan,1024
10067481,58126021,Elroy,Shirland,Study Loan,1030
10016157,33962255,Marijn,Fain,Travel Loan,1015
10027933,68753686,Edan,Cleen,Travel Loan,1004
10041651,25497601,Salvador,Dzenisenka,Personal Loan,1027
10050638,37039217,Seumas,Saice,Personal Loan,1001
10054461,69070576,Morlee,McBrearty,Car Loan,1001
10068712,47563337,Rafael,Shawyer,Study Loan,1019
10086000,92953719,Mead,Redley,Car Loan,1015
10071711,70747391,Shandee,Winterbottom,Study Loan,1029
10049017,49609198,Orrin,Moultrie,Personal Loan,1020
10079585,66054271,Jeremie,Mannooch,Car Loan,1030
10061370,91798635,Genni,Orrice,Study Loan,1013
10011144,20148977,Gert,Durgan,Travel Loan,1005
10098515,17855195,Benyamin,Mullin,Travel Loan,1024
10023379,13293363,Theresa,Kilby,Personal Loan,1002
10075722,25352739,Francisca,De Mars,Personal Loan,1007
10073238,22534049,Bonni,Ballin,Car Loan,1012
10082480,64267329,Early,Bispham,Study Loan,1028
10006336,45122856,Kendell,Hitter,Car Loan,1026
10051849,44327795,Tam,Stannas,Study Loan,1008
10085542,54984003,Bobbi,Savory,Personal Loan,1018
